,Unnamed: 0,Column1,Column2
900,900,Yash Jani,https://www.linkedin.com/in/janiyash/
901,901,Sonali Kotnis,https://www.linkedin.com/in/sonali-kotnis-a3741b9a/
902,902,Mohammed Khaja Khizer,https://www.linkedin.com/in/mohammed-khaja-khizer-20710291/
903,903,David Shepley,https://www.linkedin.com/in/shepleydavid/
904,904,Abhijeet Sonune,https://www.linkedin.com/in/abhijeet-sonune-29563616b/
905,905,Richard Peterson,https://www.linkedin.com/in/richardpetersonhou/
906,906,David Berglund,https://www.linkedin.com/in/dberglund/
907,907,Shinam Arora,https://www.linkedin.com/in/shinamarora/
908,908,Ajit Shukla,https://www.linkedin.com/in/ajit-shukla-6b846613a/
909,909,Peter Bruce-Clark,https://www.linkedin.com/in/pbruceclark/
910,910,Xuchun Li,https://www.linkedin.com/in/lixuchun/
911,911,"Clive X. XIAO, CAIA",https://www.linkedin.com/in/clivexiao/
912,912,Kevin O'Brien,https://www.linkedin.com/in/kevin-v-obrien/
913,913,Vikrant Daptardar,https://www.linkedin.com/in/vikrant-d-58b41152/
914,914,Omkar Kajale,https://www.linkedin.com/in/omkar-kajale/
915,915,Rohit Barrolia,https://www.linkedin.com/in/rohit-barrolia-51173617/
916,916,Sreekanth (Sreek) Iyer,https://www.linkedin.com/in/sreekiyer/
917,917,Vibhavari Jahagirdar,https://www.linkedin.com/in/vibhavari-jahagirdar-9241287/
918,918,Kevin Mossop,https://www.linkedin.com/in/kevin-mossop-41393b26/
919,919,Aseem Munshi,https://www.linkedin.com/in/aseem-munshi/
920,920,Claire Quito,https://www.linkedin.com/in/claire-quito/
921,921,Tithi Choudhary,https://www.linkedin.com/in/tithi-choudhary-tc/
922,922,Irina Reitgruber,https://www.linkedin.com/in/irina-reitgruber-982bb763/
923,923,Sameer Kardekar,https://www.linkedin.com/in/sameerkardekar/
924,924,Palash Kharwade,https://www.linkedin.com/in/palash-kharwade-747a1419b/
925,925,SWATI PALVE-PMP® ITIL4®LEAN SIX SIGMA BLACK BELT_ISO Auditor,https://www.linkedin.com/in/swati-palve-pmp%C2%AE-i-a15b2236/
926,926,Hima Lakkaraju,https://www.linkedin.com/in/hima-lakkaraju-b130217/
927,927,Timothy Choon,https://www.linkedin.com/in/timothy-c-396796b1/
928,928,Dan Wilson,https://www.linkedin.com/in/danwilson2/
929,929,Susan Price,https://www.linkedin.com/in/susan-price-9411981b9/
930,930,Donna Bales,https://www.linkedin.com/in/donna-bales-7419494/
931,931,Rishabh Saini,https://www.linkedin.com/in/rishabh-saini-66433020a/
932,932,Shiny Varghese,https://www.linkedin.com/in/shiny-varghese-05947116/
933,933,Koen Vanderhoydonk,https://www.linkedin.com/in/koenvanderhoydonk/
934,934,Jeroen Faas,https://www.linkedin.com/in/jeroenfaas/
935,935,Noelle Rose Cuntapay,https://www.linkedin.com/in/noelle-rose-cuntapay-3b7b7867/
936,936,Richard Rosenholtz,https://www.linkedin.com/in/richard-rosenholtz/
937,937,Kelly Forbes,https://www.linkedin.com/in/kelly-forbes-62453450/
938,938,ayush singh,https://www.linkedin.com/in/ayush-singh-364037120/
939,939,Sulabh Agarwal,https://www.linkedin.com/in/sulabh-agarwal-030818/
940,940,Izhar Arieli,https://www.linkedin.com/in/paymentsorcerer/
941,941,Riddhi Soni,https://www.linkedin.com/in/riddhimahendrasoni/
942,942,Sian Lewin,https://www.linkedin.com/in/sian-lewin-b481374/
943,943,Michael Blakey,https://www.linkedin.com/in/mblakey/
944,944,Sangam Biradar,https://www.linkedin.com/in/sangambiradar/
945,945,Nirvana Farhadi,https://www.linkedin.com/in/youhavereachednirvana/
946,946,Christopher Lim,https://www.linkedin.com/in/christopher-lim-29511844/
947,947,Bharat Kumar Sharma,https://www.linkedin.com/in/bharat-kumar-sharma-3a90b71a0/
948,948,Ege Akinci,https://www.linkedin.com/in/ege-akinci/
949,949,Sujata Dasgupta,https://www.linkedin.com/in/sujata-dasgupta-69473a20/
950,950,Colin Priest,https://www.linkedin.com/in/colinpriest/
951,951,Dickson Tang,https://www.linkedin.com/in/imdicksont/
952,952,Sarah Sinclair,https://www.linkedin.com/in/sarah-sinclair-44910311/
953,953,Vijay Jairaj,https://www.linkedin.com/in/vijay-jairaj-1923aa1/
954,954,Mike Gibbs,https://www.linkedin.com/in/mike-gibbs-420b9b1/
955,955,Michelle Katics,https://www.linkedin.com/in/michellekatics/
956,956,Max Sautter,https://www.linkedin.com/in/maxsautter/
957,957,Hiroki Habuka,https://www.linkedin.com/in/hiroki-habuka-4aa39444/
958,958,Madhur Chhajed,https://www.linkedin.com/in/madhur-chhajed/
959,959,Alban Salord,https://www.linkedin.com/in/alban-salord/
960,960,Matthew Van Buskirk,https://www.linkedin.com/in/mattvanbuskirk/
961,961,"Mona Zoet, LLM, CAMS",https://www.linkedin.com/in/mona-zoet/
962,962,"Olus Kayacan, CFA, CAIA",https://www.linkedin.com/in/oluskayacan/
963,963,Krithika Ragunathan,https://www.linkedin.com/in/krithika-ragunathan-7b12bb9/
964,964,Cedric Ming,https://www.linkedin.com/in/cedricming/
965,965,Jaede Tan,https://www.linkedin.com/in/jaede-tan-12b6b034/
966,966,Anshika Aggarwal,https://www.linkedin.com/in/anshika-aggarwal-19a143185/
967,967,Kshitij Mehta,https://www.linkedin.com/in/kshitij-mehta-936a14214/
968,968,SHASHWAT GUPTA,https://www.linkedin.com/in/shashwat-gupta-7163061a0/
969,969,Abhishek Kumar,https://www.linkedin.com/in/abhishek-kumar-9a956b14b/
970,970,Mohit Kumar,https://www.linkedin.com/in/mohit-kumar-a66913123/
971,971,Marcy Allen,https://www.linkedin.com/in/allenmarcy/
972,972,Akshata Gunbharit,https://www.linkedin.com/in/akshata-gunbharit-28890139/
973,973,Bharat Kumar,https://www.linkedin.com/in/bharatkumark/
974,974,Nitish Khagwal,https://www.linkedin.com/in/nitishkmrk/
975,975,Dan Kaytes,https://www.linkedin.com/in/dankaytes/
976,976,Lindsay Davis,https://www.linkedin.com/in/lindsay-crusan-davis/
977,977,Pankit Desai,https://www.linkedin.com/in/pankit/
978,978,Matt Johnner,https://www.linkedin.com/in/mattjohnner/
979,979,Naomi Lannon,https://www.linkedin.com/in/naomi-lannon-848b77142/
980,980,Abhijit Singh,https://www.linkedin.com/in/abhijit-singh-7473b02/
981,981,Jordan Wright,https://www.linkedin.com/in/wrightjordan/
982,982,Justin Wickett,https://www.linkedin.com/in/justinwickett/
983,983,Ashby Monk,https://www.linkedin.com/in/ashby-monk-208a479/
984,984,Jacob Bouer,https://www.linkedin.com/in/jacobbouer/
985,985,Phillip Zedalis,https://www.linkedin.com/in/zedalis/
986,986,Sohaib Zahid,https://www.linkedin.com/in/sohaibz/
987,987,Bhrigu Sharma,https://www.linkedin.com/in/bhrigushrarma/
988,988,Tarique Khan,https://www.linkedin.com/in/tariquekhan1/
989,989,Mohaajit Accharya,https://www.linkedin.com/in/mohaajit-accharya-199b241/
990,990,Conny Dorrestijn,https://www.linkedin.com/in/conny-dorrestijn-74b365/
991,991,Monisha Veerwani,https://www.linkedin.com/in/monishaveerwani/
992,992,Girish Lall,https://www.linkedin.com/in/girish-lall-9048153b/
993,993,Kundan Shendurkar,https://www.linkedin.com/in/kundan-shendurkar-6a0b5018/
994,994,Serkan Katilmis,https://www.linkedin.com/in/serkan-katilmis/
995,995,John Smullen,https://www.linkedin.com/in/john-smullen-9043ab1b/
996,996,Neil Chopra,https://www.linkedin.com/in/neil-chopra/
997,997,Sharmila Devdhar,https://www.linkedin.com/in/sharmila-devdhar-705168129/
998,998,Denver Fernando,https://www.linkedin.com/in/denver-fernando-989a911a4/
999,999,Abhishek Sharma,https://www.linkedin.com/in/abhishek-sharma-datascienceenthusiast/
1000,1000,Anuj Bhaskar,https://www.linkedin.com/in/anujbhaskar/
1001,1001,Pratik Mandalia ,https://www.linkedin.com/in/pratik-a-mandalia/
1002,1002,Mantr Kalathiya,https://www.linkedin.com/in/mantr-kalathiya-ba40881b5/
1003,1003,Biswajit Pradhan,https://www.linkedin.com/in/biswajit-pradhan/
1004,1004,Anita Rathi,https://www.linkedin.com/in/anita-rathi-39550246/
1005,1005,Nitisha Singh,https://www.linkedin.com/in/nitisha-singh-8211a591/
1006,1006,Archana Mali,https://www.linkedin.com/in/archana-mali-82642b1a9/
1007,1007,Milan Sharma,https://www.linkedin.com/in/milan-sharma-5060b32a/
1008,1008,Adwait Deshpande,https://www.linkedin.com/in/adwait-deshpande-606a6921/
1009,1009,Khanak Pathak,https://www.linkedin.com/in/khanak-pathak-a26611206/
1010,1010,Vishal Nahar,https://www.linkedin.com/in/vishal-nahar-686034a/
1011,1011,Yash Kadam,https://www.linkedin.com/in/yash-kadam-61227a1a3/
1012,1012,Arun Gopalakrishnan,https://www.linkedin.com/in/arungopalakrishnan/
1013,1013,Philipp Sandner,https://www.linkedin.com/in/philippsandner/
1014,1014,Carla Pipes,https://www.linkedin.com/in/carla-pipes-04867318/
1015,1015,Radoslav Albrecht,https://www.linkedin.com/in/radoslavalbrecht/
1016,1016,Jason Gerrish,https://www.linkedin.com/in/jason-gerrish/
1017,1017,Dr. Ulli Spankowski,https://www.linkedin.com/in/dr-ulli-spankowski-08652916/
1018,1018,Steffen J. Hoenig,https://www.linkedin.com/in/steffen-j-hoenig-91697842/
1019,1019,Thomas Pirzer,https://www.linkedin.com/in/thomas-pirzer-intas/
1020,1020,Jason Thompson,https://www.linkedin.com/in/networksecurityarchitectjt95/
1021,1021,Maximilian Portenlänger,https://www.linkedin.com/in/maximilian-portenl%C3%A4nger-030b3314b/
1022,1022,Samyukta Sunku,https://www.linkedin.com/in/samyukta-s-6038415/
1023,1023,Scott Alintoff,https://www.linkedin.com/in/scott-alintoff-2338632/
1024,1024,Lena Grale,https://www.linkedin.com/in/lenagrale/
1025,1025,Ashitosh Phalle,https://www.linkedin.com/in/ashitosh-phalle-48ba7872/
1026,1026,Markus Moesenbacher,https://www.linkedin.com/in/markus-moesenbacher-7214502/
1027,1027,Heinz-Günter Lux,https://www.linkedin.com/in/heinz-g%C3%BCnter-lux-8b6706126/
1028,1028,Thomas Naegele,https://www.linkedin.com/in/thomasnaegele/
1029,1029,Carsten Hahn,https://www.linkedin.com/in/carsten-hahn-b2365760/
1030,1030,Dr. Thomas Dünser,https://www.linkedin.com/in/dr-thomas-d%C3%BCnser-192ab7198/
1031,1031,Kundan Nehete,https://www.linkedin.com/in/kundan-nehete-48ab3118/
1032,1032,Dr. Robert Holzmann,https://www.linkedin.com/in/dr-robert-holzmann/
1033,1033,Thomas Tüllmann,https://www.linkedin.com/in/thomas-t%C3%BCllmann-30b377b5/
1034,1034,Sebastian Blum,https://www.linkedin.com/in/seblum/
1035,1035,Arno Pernthaler,https://www.linkedin.com/in/arno-pernthaler/
1036,1036,Daniela Merz-Lander,https://www.linkedin.com/in/merzdaniela/
1037,1037,Denise Duve,https://www.linkedin.com/in/deniseduve/
1038,1038,Connor Payne,https://www.linkedin.com/in/connorapayne/
1039,1039,Carsten Stoecker,https://www.linkedin.com/in/carsten-stoecker-1145871/
1040,1040,Michael F. Spitz,https://www.linkedin.com/in/michael-f-spitz-9b2b4435/
1041,1041,Andreas Traum,https://www.linkedin.com/in/andreastraum/
1042,1042,Carla Bünger,https://www.linkedin.com/in/carla-b%C3%BCnger-a6094068/
1043,1043,Alexander Bechtel,https://www.linkedin.com/in/alexanderbechtel/
1044,1044,Helge Michael,https://www.linkedin.com/in/helge-michael-a330b513a/
1045,1045,Michael Shaulov,https://www.linkedin.com/in/michaelsh/
1046,1046,Peter Hofmann,https://www.linkedin.com/in/hofmannpeter/
1047,1047,Alessandro Torfi,https://www.linkedin.com/in/alessandro-torfi-686b25a3/
1048,1048,Alexander Hoeptner,https://www.linkedin.com/in/alexander-hoeptner-0a00962/
1049,1049,Wolfgang Männel,https://www.linkedin.com/in/wolfgang-maennel/
1050,1050,Rupertus Rothenhaeuser,https://www.linkedin.com/in/rupertus-rothenhaeuser-572b713a/
1051,1051,Florian Glatz,https://www.linkedin.com/in/florianglatz/
1052,1052,Kurt Zeimers,https://www.linkedin.com/in/kurtzeimers/
1053,1053,Benjamin Schaub,https://www.linkedin.com/in/benjamin-schaub/
1054,1054,Michael Cyrus,https://www.linkedin.com/in/michael-cyrus-635a0036/
1055,1055,Katharina Gehra,https://www.linkedin.com/in/katharinagehra/
1056,1056,Alireza Siadat,https://www.linkedin.com/in/alireza-siadat/
1057,1057,Patrick Hansen,https://www.linkedin.com/in/patrickghansen/
1058,1058,Constantin Ketz,https://www.linkedin.com/in/constantin-ketz/
1059,1059,Victor von Wachter,https://www.linkedin.com/in/victor-von-wachter/
1060,1060,Tim Dierckxsens,https://www.linkedin.com/in/timdierckxsens/
1061,1061,Stephen Richardson,https://www.linkedin.com/in/stephen--richardson/
1062,1062,Marcel Robert Harmann,https://www.linkedin.com/in/marcel-robert-harmann/
1063,1063,Jesper Svensson,https://www.linkedin.com/in/jesper-svensson-5a21593/
1064,1064,Jacek Czarnecki,https://www.linkedin.com/in/jacekczarnecki/
1065,1065,Robert Kopitsch,https://www.linkedin.com/in/robert-kopitsch-6bb108a3/
1066,1066,Simon Seiter,https://www.linkedin.com/in/simon-seiter/
1067,1067,Dr Guenther Dobrauz,https://www.linkedin.com/in/dobrauz/
1068,1068,Jonas Gross,https://www.linkedin.com/in/jonasgross94/
1069,1069,"Patrick Lowry, CPA",https://www.linkedin.com/in/patrick-lowry-mba-cpa/
1070,1070,Christian Labetzsch,https://www.linkedin.com/in/christian-labetzsch-b97b9bb1/
1071,1071,Oliver Pieper,https://www.linkedin.com/in/oliver-pieper/
1072,1072,Moritz Putzhammer,https://www.linkedin.com/in/putzhammer/
1073,1073,Daud Zulfacar,https://www.linkedin.com/in/daud-zulfacar/
1074,1074,Jan Karnath,https://www.linkedin.com/in/jan-karnath-74264430/
1075,1075,Christoph Kreiterling,https://www.linkedin.com/in/christoph-kreiterling/
1076,1076,Dr. Tobias Setz,https://www.linkedin.com/in/dr-tobias-setz-0495a5123/
1077,1077,Benjamin Duve,https://www.linkedin.com/in/benjamin-d-592a04/
1078,1078,Konstantin Dagianis,https://www.linkedin.com/in/kdagianis/
1079,1079,Dr. Jan Rosam,https://www.linkedin.com/in/janrosam/
1080,1080,Dr. Carola Rathke,https://www.linkedin.com/in/dr-carola-rathke-732457165/
1081,1081,Seamus Donoghue,https://www.linkedin.com/in/seamus-donoghue-2504115a/
1082,1082,Dr. Marcus Hennig,https://www.linkedin.com/in/marcushennig/
1083,1083,Ulrich Bindseil,https://www.linkedin.com/in/ulrich-bindseil-764b4015/
1084,1084,"Mike Tropeano, CFA, AIF",https://www.linkedin.com/in/mike-tropeano-cfa-aif-34865b7/
1085,1085,Marc Kreidi,https://www.linkedin.com/in/marc-kreidi-9a353b78/
1086,1086,Bryan Counts,https://www.linkedin.com/in/bryangcounts/
1087,1087, Norbert Gehrke,https://www.linkedin.com/in/norbertgehrke/
1088,1088,Monica Eaton-Cardone,https://www.linkedin.com/in/monicaeatoncardone/
1089,1089,Jesus Mirabal,https://www.linkedin.com/in/jesus-mirabal-4244772/
1090,1090,John Pizzi,https://www.linkedin.com/in/johnpizzi/
1091,1091,Brock Arnason,https://www.linkedin.com/in/brock-arnason-843b18/
1092,1092,Kelly Faykus,https://www.linkedin.com/in/kelly-faykus-74a670b/
1093,1093,"Peter V. Dutton, Sr.",https://www.linkedin.com/in/peterdutton5/
1094,1094,Paul Livanos,https://www.linkedin.com/in/plivanos/
1095,1095,Abigail Tauer,https://www.linkedin.com/in/abigail-tauer-60b64a3/
1096,1096,"Chris Zlotnik, CFA",https://www.linkedin.com/in/chris-zlotnik-cfa-0181412/
1097,1097,Jonathan Novita,https://www.linkedin.com/in/jonathan-novita-57a3a632/
1098,1098,Joe Holman,https://www.linkedin.com/in/joe-holman-91a9a0/
1099,1099,Jon Hodges,https://www.linkedin.com/in/jon-hodges-00933810/
1100,1100,Shailesh Dabhole,https://www.linkedin.com/in/shailesh-dabhole/
1101,1101,Graham Burbie,https://www.linkedin.com/in/graham-burbie-12105742/
1102,1102,Niraj Rai,https://www.linkedin.com/in/nirajrai007/
1103,1103,"Philip Hallman, CFA",https://www.linkedin.com/in/philip-hallman/
1104,1104,Christopher Hayes,https://www.linkedin.com/in/christopher-hayes-948ba010/
1105,1105,Glenn Hall,https://www.linkedin.com/in/glennhhall/
1106,1106,Chris Corrao,https://www.linkedin.com/in/chris-corrao-2b31954/
1107,1107,Rajeshwar Rao,https://www.linkedin.com/in/rajeshwar-rao-75a67a11b/
1108,1108,Vlasios Voudouris,https://www.linkedin.com/in/vvoudouris/
1109,1109,David Lewis,https://www.linkedin.com/in/david-lewis-5204716/
1110,1110,"Nagendra Yadav, MBA, FRM",https://www.linkedin.com/in/nagendra-yadav-mba-frm-7124401/
1111,1111,Vito Turitto,https://www.linkedin.com/in/vito-turitto-501b7b20/
1112,1112,Rahul Dey,https://www.linkedin.com/in/rahul-dey-a70b44b0/
1113,1113,Shreya Palecha,https://www.linkedin.com/in/palecha-shreya/
1114,1114,Bob Browne,https://www.linkedin.com/in/roberttbrowne/
1115,1115,Raja Ragavan,https://www.linkedin.com/in/raja-ragavan-21647a1a7/
1116,1116,Patanjali Puri,https://www.linkedin.com/in/patanjali-puri-enstasy/
1117,1117,Mandar Chandrachud,https://www.linkedin.com/in/mandar-chandrachud-172a5146/
1118,1118,Justin Muscolino,https://www.linkedin.com/in/justin-muscolino/
1119,1119,Kanchan K,https://www.linkedin.com/in/kanchan-k-b0b73562/
1120,1120,Georgia FinTech Academy,https://www.linkedin.com/in/georgiafintechacademy/
1121,1121,Sachin Jadhav,https://www.linkedin.com/in/sachin-jadhav-86499812/
1122,1122,Manish Patnaik,https://www.linkedin.com/in/manish-patnaik-270b143/
1123,1123,Girish Rajderkar,https://www.linkedin.com/in/girish-rajderkar-14982989/
1124,1124,Ramesh Gharmalkar,https://www.linkedin.com/in/rameshgharmalkar/
1125,1125,? Vaibhav Deodhe,https://www.linkedin.com/in/d-vaibhav/
1126,1126,Abhijit Kure,https://www.linkedin.com/in/abhijit-kure-81440b101/
1127,1127,Aytaç Oral,https://www.linkedin.com/in/turkuaz/
1128,1128,Steven Walchek,https://www.linkedin.com/in/swalchek/
1129,1129,Mahesh Ramamoorthy,https://www.linkedin.com/in/mahesh-ramamoorthy-49a98810/
1130,1130,Anushree Godbole,https://www.linkedin.com/in/anug28/
1131,1131,Aniruddha Kolhatkar,https://www.linkedin.com/in/aniruddha-kolhatkar-677b5aa6/
1132,1132,Urvashi Kumar,https://www.linkedin.com/in/urvashi-kumar-573201155/
1133,1133,Piyush Kankariya,https://www.linkedin.com/in/piyush-kankariya-1039a6152/
1134,1134,Pratik Nimodia,https://www.linkedin.com/in/pratik-nimodia-71378517/
1135,1135,Céline J. Zertz,https://www.linkedin.com/in/c%C3%A9line-j-zertz-057526186/
1136,1136,Frank Buckler,https://www.linkedin.com/in/frankbuckler/
1137,1137,Sunil Saini,https://www.linkedin.com/in/hellosunilsaini/
1138,1138,Chitra Kothari,https://www.linkedin.com/in/chitrakothari/
1139,1139,Parag Arjunwadkar,https://www.linkedin.com/in/paragarjunwadkar/
1140,1140,Surabhi Jain,https://www.linkedin.com/in/surabhi-jain-13580819/
1141,1141,Shivaram K R,https://www.linkedin.com/in/shivaram-k-r-052787b/
1142,1142,Ankit Raj Mohapatra,https://www.linkedin.com/in/ankit-raj-mohapatra-b3302341/
1143,1143,Terence Soo,https://www.linkedin.com/in/terence-soo-1179b8156/
1144,1144,"Thanh Trung (Tom) Vo, FRM",https://www.linkedin.com/in/thanh-trung-tom-vo-frm-08b10610/
1145,1145,Michael Morgan,https://www.linkedin.com/in/michael-m-7b7b9022/
1146,1146,Sean Willeford,https://www.linkedin.com/in/sean-willeford-b043867/
1147,1147,Lokesh Bharati,https://www.linkedin.com/in/lokesh-bharati-4219911a3/
1148,1148,Ganesh Ambre,https://www.linkedin.com/in/ambreganesh/
1149,1149,Ulysses Chong,https://www.linkedin.com/in/ulysseschong/
1150,1150,Pralobh Mule,https://www.linkedin.com/in/pralobh-mule-896b8716/
1151,1151,Tejas Pipwala,https://www.linkedin.com/in/tejas-pipwala-a7747b21/
1152,1152,Ravish Dave,https://www.linkedin.com/in/ravish-dave-1139921a/
1153,1153,Sonika Jain ( She/ Her) ,https://www.linkedin.com/in/sonika-wewedh/
1154,1154,Prabhu Mane,https://www.linkedin.com/in/prabhu-mane-b1a71a201/
1155,1155,Anand Kumbhare,https://www.linkedin.com/in/anandkumbhare/
1156,1156,Mahantesh Managuli,https://www.linkedin.com/in/mahantesh-managuli-61863118/
1157,1157,Leonid Balaev,https://www.linkedin.com/in/leonid-balaev-55394320b/
1158,1158,Sacha Chorley,https://www.linkedin.com/in/sachachorley/
1159,1159,Pallavi Panchbhai,https://www.linkedin.com/in/panchbhaipallavi/
1160,1160,Pragati Singh ??????????,https://www.linkedin.com/in/erpragatisingh/
1161,1161,Shubham Ramdharne,https://www.linkedin.com/in/shubhamramdharne/
1162,1162,Nitika Goel (She/Her),https://www.linkedin.com/in/nitika-goel-she-her-bbb12a6/
1163,1163,Vijay Swaminathan,https://www.linkedin.com/in/vijay-swaminathan-a44101/
1164,1164,Shrikant Dayma,https://www.linkedin.com/in/shrikant-dayma-47759917a/
1165,1165,Prathamesh Badarayani,https://www.linkedin.com/in/prathamesh-badarayani-555128198/
1166,1166,Vamsee Tirukkala,https://www.linkedin.com/in/vamseet/
1167,1167,Sidhant Rastogi,https://www.linkedin.com/in/sidhantrastogi/
1168,1168,Amaresh Ramaswamy,https://www.linkedin.com/in/amareshr/
1169,1169,Shweta Rani,https://www.linkedin.com/in/shweta-rani-7b24194/
1170,1170,Praveen Bhadada,https://www.linkedin.com/in/pbhadada/
1171,1171,Darin Kirkham,https://www.linkedin.com/in/darin-kirkham-a59a646/
1172,1172,Kailash Amberkar,https://www.linkedin.com/in/kailashamberkar/
1173,1173,Ms. AJO GEORGE,https://www.linkedin.com/in/ms-ajo-george-040269164/
1174,1174,Satyam Sabale,https://www.linkedin.com/in/satyamrs/
1175,1175,Mahendra Kate,https://www.linkedin.com/in/mahendra-kate-0316061b0/
1176,1176,Mayuresh Bhavsar,https://www.linkedin.com/in/mayuresh-bhavsar-b8015572/
1177,1177,Shashank Shekhar Garuryar,https://www.linkedin.com/in/sgaruryar/
1178,1178,Jimmy Cardwell,https://www.linkedin.com/in/jimmy-cardwell-897647151/
1179,1179,Ankur Sidana,https://www.linkedin.com/in/ankursidana/
1180,1180,Sandeep Bedekar,https://www.linkedin.com/in/sandeep-bedekar-407a277/
1181,1181,Vikram Dua,https://www.linkedin.com/in/vikramdua/
1182,1182,Ananya Sharma,https://www.linkedin.com/in/ananyasharma23/
1183,1183,Shubham Yadav,https://www.linkedin.com/in/shubham-yadav-059bb65/
1184,1184,Saiprasad Raut,https://www.linkedin.com/in/saiprasad-raut-857a154/
1185,1185,Himanshu Battish,https://www.linkedin.com/in/himanshu-battish-85344125/
1186,1186,Ninad Pradhan,https://www.linkedin.com/in/ninadpradhan/
1187,1187,Inese Knoha,https://www.linkedin.com/in/ineseknoha/
1188,1188,Ravindra Sane,https://www.linkedin.com/in/ravindra-sane-76051716/
1189,1189,Deepali Katte,https://www.linkedin.com/in/deepali-katte-5b874ba/
1190,1190,Glory Pawar,https://www.linkedin.com/in/glory-pawar-999664192/
1191,1191,Ruturaj Prabhune,https://www.linkedin.com/in/ruturajprabhunepgdm/
1192,1192,Meenal Gokhale,https://www.linkedin.com/in/meenalg/
1193,1193,Courtney Cregan,https://www.linkedin.com/in/courtneycregan/
1194,1194,Shailendra Kulkarni,https://www.linkedin.com/in/shailendra-kulkarni-4b40191/
1195,1195,Rohitkumar ajani,https://www.linkedin.com/in/swaman/
1196,1196,Harrison Mayhew,https://www.linkedin.com/in/hmayhewmv8/
1197,1197,Aman Raichand,https://www.linkedin.com/in/aman-raichand-80128a88/
1198,1198,Mani Suri,https://www.linkedin.com/in/mani-suri-1444334/
1199,1199,Sudhir Chawla,https://www.linkedin.com/in/chawlasudhir/
1200,1200,Balaje Rajasekaran,https://www.linkedin.com/in/balaje-rajasekaran-3b680715/
1201,1201,Cheena Dhawan Paul,https://www.linkedin.com/in/cheena-dhawan-paul-30260941/
1202,1202,Caterina Ferrara,https://www.linkedin.com/in/caterinaferrara/
1203,1203,Pratik Nitin Inamdar,https://www.linkedin.com/in/pratik-nitin-inamdar-95634364/
1204,1204,Viksit Chawla,https://www.linkedin.com/in/viksit-chawla-1a05871/
1205,1205,Ram Kumar Vallinayagam,https://www.linkedin.com/in/ram-kumar-vallinayagam-6aa657a/
1206,1206,Amit Nikhate,https://www.linkedin.com/in/amit-nikhate-6098b67a/
1207,1207,Jay Patel,https://www.linkedin.com/in/jay-patel-2012/
1208,1208,???,https://www.linkedin.com/in/%E4%BB%81%E5%BF%97-%E5%8E%9F-760b96108/
1209,1209,Abilash Vijayan,https://www.linkedin.com/in/abilash-vijayan-1a040487/
1210,1210,Rolando Jr. Fernandez,https://www.linkedin.com/in/rolando-jr-fernandez-a46884/
1211,1211,Urvi Barbhaya,https://www.linkedin.com/in/urvibarbhaya/
1212,1212,Anoop Das,https://www.linkedin.com/in/anoopdas/
1213,1213,Vinod KH,https://www.linkedin.com/in/vinod-kh-8ba0b54/
1214,1214,Warren Street,https://www.linkedin.com/in/warren-street-b1a037a/
1215,1215,Lisa Hall,https://www.linkedin.com/in/lisahall7/
1216,1216,Chandra Gupta,https://www.linkedin.com/in/cg1975/
1217,1217,Tommy Marshall,https://www.linkedin.com/in/tommy-marshall/
1218,1218,Anand Choubey,https://www.linkedin.com/in/ac1usa/
1219,1219,Sachin S. Talati,https://www.linkedin.com/in/sachin-s-talati-0299464/
1220,1220,Mini Mol,https://www.linkedin.com/in/minimol/
1221,1221,Senniangiri Raja Arumugam,https://www.linkedin.com/in/senniangiri-raja-arumugam-73159197/
1222,1222,Neeraj Mishra,https://www.linkedin.com/in/neeraj-mishra-3b5a8615/
1223,1223,"Saurav Kumar Mohanty, IIM Calcutta, LIBA",https://www.linkedin.com/in/saurav-kumar-mohanty-iim-calcutta-liba-8150227/
1224,1224,Ravi Saraswat,https://www.linkedin.com/in/ravi-saraswat-a79a007/
1225,1225,Sharad k Jain,https://www.linkedin.com/in/sharadkjain/
1226,1226,Shakeel Merchant,https://www.linkedin.com/in/shakeel-merchant-7190515b/
1227,1227,Swati Nair,https://www.linkedin.com/in/swati-nair-7672125/
1228,1228,Lydia Braganza,https://www.linkedin.com/in/lydia-braganza-ab4732196/
1229,1229,Raghavendra Pratap Singh ,https://www.linkedin.com/in/raghavpsingh/
1230,1230,Rafiq Tai,https://www.linkedin.com/in/rafiq-tai-1a91b94b/
1231,1231,David Earles,https://www.linkedin.com/in/djearles/
1232,1232,Quinn Gammie,https://www.linkedin.com/in/quinn-gammie-771b392/
1233,1233,Sumit Yewale,https://www.linkedin.com/in/sumit-yewale-b95314104/
1234,1234,Ansuman Rath,https://www.linkedin.com/in/ansuman-rath-59b2051b4/
1235,1235,Sushilkumar Bhawsagar,https://www.linkedin.com/in/sushilkumarbhawsagar/
1236,1236,Atul Patil,https://www.linkedin.com/in/atul-patil-611421b0/
1237,1237,Geeta Khaladkar,https://www.linkedin.com/in/geeta-khaladkar-87766015a/
1238,1238,Trupti Jadhav,https://www.linkedin.com/in/trupti-jadhav-29250941/
1239,1239,Kaushik Dutta,https://www.linkedin.com/in/kaushik-dutta-00691614a/
1240,1240,Shruti Tharmia,https://www.linkedin.com/in/shruti-tharmia-96a3291a6/
1241,1241,Rosanne Arnet,https://www.linkedin.com/in/rosanne-arnet/
1242,1242,"Arijit Das, CQF",https://www.linkedin.com/in/arijit-das-cqf-316524111/
1243,1243,Barbara Ross Morgan,https://www.linkedin.com/in/barbararossmorgan/
1244,1244,Jeffrey Simon,https://www.linkedin.com/in/jeffreyssimon/
1245,1245,Ellyn Raftery,https://www.linkedin.com/in/ellyn-raftery/
1246,1246,Tiamo Wright,https://www.linkedin.com/in/tiamowright/
1247,1247,Oliver Burns,https://www.linkedin.com/in/oliver-burns-22b00512/
1248,1248,Adam Clough,https://www.linkedin.com/in/adam-clough-9215867/
1249,1249,Nicole Spiller,https://www.linkedin.com/in/nicolespiller/
1250,1250,Param Reddy,https://www.linkedin.com/in/param-reddy/
1251,1251,Stewart Comrie,https://www.linkedin.com/in/stewartcomrie/
1252,1252,Magdalena K. Glowacka,https://www.linkedin.com/in/magdalenakglowacka/
1253,1253,Jennifer Hanes,https://www.linkedin.com/in/jennifer-hanes-1367413/
1254,1254,Kyle Gardner,https://www.linkedin.com/in/kyle-gardner-8a95279/
1255,1255,Trushar Shah,https://www.linkedin.com/in/trusharshah/
1256,1256,"ABHISHEK KUMAR, FRM, CFA",https://www.linkedin.com/in/abhishek-kumar-frm-cfa-76560451/
1257,1257,Ramachandran Alagarswamy,https://www.linkedin.com/in/ramsbe/
1258,1258,Minnie Chen,https://www.linkedin.com/in/minnie-chen/
1259,1259,terrence hooi,https://www.linkedin.com/in/terrencehooi7/
1260,1260,Aniruddha Pant,https://www.linkedin.com/in/aniruddhapant/
1261,1261,Jose Thattil,https://www.linkedin.com/in/jose-thattil-24ab875/
1262,1262,Mane Andreevski,https://www.linkedin.com/in/mane-andreevski-53700330/
1263,1263,Dhanraj Nimbalkar,https://www.linkedin.com/in/dhanraj-nimbalkar-580837154/
1264,1264,"Yi Wei Ng FRM, CA",https://www.linkedin.com/in/ngyiwei/
1265,1265,Pankaj Aher,https://www.linkedin.com/in/pankaj-aher-6138415/
1266,1266,Manindar Singh,https://www.linkedin.com/in/manindar-singh-0494b4137/
1267,1267,Marko Kolanovic,https://www.linkedin.com/in/marko-kolanovic-a335b6/
1268,1268,Rakesh Rai,https://www.linkedin.com/in/rai371/
1269,1269,Ashok Kumar,https://www.linkedin.com/in/ashok-kumar-00767b15/
1270,1270,Vidyayini Krish,https://www.linkedin.com/in/vidyayini-krish-b3127223/
1271,1271,Luiz Aizemberg,https://www.linkedin.com/in/luiz-aizemberg-b42b08145/
1272,1272,John Efstratudakis,https://www.linkedin.com/in/john-efstratudakis-b31588150/
1273,1273,"Coskun Kilic, CQF, FRM (candidate)",https://www.linkedin.com/in/coskun-kilic-cqf-frm-candidate-9094b14/
1274,1274,"Jingwun (Grace) Moore ???, CFA FRM CQF",https://www.linkedin.com/in/jingwun/
1275,1275,Jose Moniz Joaquim,https://www.linkedin.com/in/jose-moniz-joaquim-9b39568/
1276,1276,Olivier Buisson,https://www.linkedin.com/in/olivier-buisson-1a1442119/
1277,1277,"Ronald Kyei-Baffour, CFA, CQF, FRM, FCCA",https://www.linkedin.com/in/ronald-kyei-baffour-cfa-cqf-frm-fcca-8b934b1b/
1278,1278,John Savva,https://www.linkedin.com/in/john-savva-002a70b/
1279,1279,Chester Paul Matthew Jimenez,https://www.linkedin.com/in/chester-paul-matthew-jimenez-919940b9/
1280,1280,"Matheus Rondan Ferrazzo, CQF",https://www.linkedin.com/in/matheusrondanferrazzo/
1281,1281,Michell Payano,https://www.linkedin.com/in/michell-payano-b3860510a/
1282,1282,"Lalit Pasari, CQF, FRM",https://www.linkedin.com/in/plalit/
1283,1283,Mohit Narayan Shah,https://www.linkedin.com/in/mohit-narayan-shah-b97ba380/
1284,1284,Sukanta Swain,https://www.linkedin.com/in/sukanta-swain-5b316a15/
1285,1285,Le (Rock) Lu,https://www.linkedin.com/in/le-rock-lu-9b5a73a5/
1286,1286,Sudhir Tiwari,https://www.linkedin.com/in/sudhir-tiwari/
1287,1287,Surya Prakash K,https://www.linkedin.com/in/surya-prakash-k-b3758652/
1288,1288,Ikenna Okoli,https://www.linkedin.com/in/ikenna-okoli-796b8494/
1289,1289,"Saïd Naciri, PhD, CQF (candidate)",https://www.linkedin.com/in/sa%C3%AFd-naciri-phd-cqf-candidate-07456289/
1290,1290,Jai Mohan,https://www.linkedin.com/in/jai-mohan-48339836/
1291,1291,Nabil Ouachani,https://www.linkedin.com/in/nabil-ouachani-613308142/
1292,1292,Aidan van Niekerk,https://www.linkedin.com/in/aidanvn/
1293,1293,Atakan Erdogdu,https://www.linkedin.com/in/atakan-erdogdu/
1294,1294,Nishali Patel,https://www.linkedin.com/in/nishali-patel-27762466/
1295,1295,Claude-Micaël Guinan,https://www.linkedin.com/in/claude-mica%C3%ABl-guinan-a21518150/
1296,1296,"Rakesh Anand, FIA, CFA, FRM, MBA",https://www.linkedin.com/in/rakeshanandmba/
1297,1297,"Emilio Guízar, CIPM",https://www.linkedin.com/in/emilio-guizar/
1298,1298,"Richa Sharma, CQF",https://www.linkedin.com/in/richasharma90/
1299,1299,Biranchi Mishra,https://www.linkedin.com/in/biranchimishra/
1300,1300,Chengyun Li,https://www.linkedin.com/in/lichengyun/
1301,1301,Hemendra sai Kvs,https://www.linkedin.com/in/hemuconnects/
1302,1302,"Jeffrey Cheng, CQF, CAIA, FRM",https://www.linkedin.com/in/jeffrey-cheng-cqf-caia-frm-19b2a4147/
1303,1303,"Carlos Palma Arzubialde, CQF",https://www.linkedin.com/in/carlospalma2/
1304,1304,Keerthana Raghavan,https://www.linkedin.com/in/keerthana-raghavan-4b1548136/
1305,1305,Gulshan Rupani,https://www.linkedin.com/in/gulshan-rupani-473b297/
1306,1306,"Chukwuemeka Joseph, FRM",https://www.linkedin.com/in/chukwuemeka-j-92920937/
1307,1307,Prashant Kumar,https://www.linkedin.com/in/prashantkumarchaturvedi/
1308,1308,Abbas Mohammad,https://www.linkedin.com/in/abbas-mohammad-7779ba1a5/
1309,1309,Prasad IQSmarttech,https://www.linkedin.com/in/prasad-iqsmarttech-b829571a3/
1310,1310,Jaya Tripathi,https://www.linkedin.com/in/jaya-tripathi/
1311,1311,Mahadev Chikkanna,https://www.linkedin.com/in/mahadevchikkanna/
1312,1312,Rouble Saha,https://www.linkedin.com/in/rouble-saha/
1313,1313,Rachana Kattimani,https://www.linkedin.com/in/rachana-kattimani-738171141/
1314,1314,Rizwan Rehman,https://www.linkedin.com/in/rizwan-rehman-999985126/
1315,1315,Kate Kwan,https://www.linkedin.com/in/kate-kwan-2572701b5/
1316,1316,Amit Kumar Gupta,https://www.linkedin.com/in/amit-kumar-gupta-18316418a/
1317,1317,VaibhaV Nanoti,https://www.linkedin.com/in/vabsnanoti/
1318,1318,COEP Impressions,https://www.linkedin.com/in/coep-impressions-ab7034125/
1319,1319,Sampada Bhujbal,https://www.linkedin.com/in/sampada-bhujbal-612761170/
1320,1320,ZEESHAN NADAF,https://www.linkedin.com/in/zeeshan-nadaf-923970100/
1321,1321,Rupak Jain,https://www.linkedin.com/in/rupakjain/
1322,1322,Yogesh Pachange,https://www.linkedin.com/in/yogesh-pachange-69b634177/
1323,1323,Y A Srinivasa Rao,https://www.linkedin.com/in/yasrao/
1324,1324,Ankita Purwar,https://www.linkedin.com/in/ankitapurwar123/
1325,1325,Chintan Mehta,https://www.linkedin.com/in/chintan-mehta-89259b21/
1326,1326,Prakhar Doshi,https://www.linkedin.com/in/prakhar-doshi-78b90a157/
1327,1327,Nachiket Patil,https://www.linkedin.com/in/nachiket-patil-70058b34/
1328,1328,Vrushikesh Patil,https://www.linkedin.com/in/vrushikesh-patil-72aa9a160/
1329,1329,Shreyas Mordekar,https://www.linkedin.com/in/shreyas-mordekar-aa62b515/
1330,1330,Asha P Chandrappa,https://www.linkedin.com/in/asha-p-chandrappa-0510239a/
1331,1331,Parag Sahare (???? ?????),https://www.linkedin.com/in/parag-sahare-%E0%A4%AA%E0%A4%B0%E0%A4%BE%E0%A4%97-%E0%A4%B8%E0%A4%B9%E0%A4%BE%E0%A4%B0%E0%A5%87-05524451/
1332,1332,Vinita Shetty,https://www.linkedin.com/in/vinita-shetty-a149801b1/
1333,1333,Christopher Lai,https://www.linkedin.com/in/christopher-lai-58865420/
1334,1334,Nikitha A,https://www.linkedin.com/in/nikitha-a-b60684196/
1335,1335,CA Manish Mamil,https://www.linkedin.com/in/ca-manish-mamil-562a5261/
1336,1336,Nsai Joseph Sunjo,https://www.linkedin.com/in/nsai-joseph-sunjo-29675a1a8/
1337,1337,Vishal Mule,https://www.linkedin.com/in/vishal-mule-9798a1169/
1338,1338,Ankit Kanathe,https://www.linkedin.com/in/ankit-kanathe-0114aaa/
1339,1339,Amber Gupta,https://www.linkedin.com/in/amber-gupta-78891ab/
1340,1340,Chandrakant Nannaware,https://www.linkedin.com/in/chandrakant-nannaware-25a348109/
1341,1341,Rtn Dr Aashiesh Tavkarr,https://www.linkedin.com/in/tavkarr/
1342,1342,Tarun Kumar,https://www.linkedin.com/in/tarun-kumar-5ba351156/
1343,1343,Tarik Lizani,https://www.linkedin.com/in/tarik-l-8ab507109/
1344,1344,"Abhiram Lanka, CQF",https://www.linkedin.com/in/abhiramlanka/
1345,1345,"Vikas Subramaniam, CQF",https://www.linkedin.com/in/vikas-subramaniam-cqf-0498aa46/
1346,1346,"Lim Yuan Sheng, CQF",https://www.linkedin.com/in/lim-yuan-sheng-cqf-bb1175182/
1347,1347,Robert LECADOU,https://www.linkedin.com/in/jrlecadou/
1348,1348,Berlin Nadar,https://www.linkedin.com/in/berlin-nadar-64b43552/
1349,1349,Mohit Tyagi,https://www.linkedin.com/in/mohit-tyagi-18406477/
1350,1350,Ram Ramalingam,https://www.linkedin.com/in/iit98iim2001/
1351,1351,Peijin Chen,https://www.linkedin.com/in/peijinchen/
1352,1352,Ashish Singhal,https://www.linkedin.com/in/ashish-singhal-ml/
1353,1353,Dmitrij Savicev,https://www.linkedin.com/in/savicev/
1354,1354,Andrew Williams,https://www.linkedin.com/in/andrew-williams-a598b1/
1355,1355,jeff poli,https://www.linkedin.com/in/jeffpoli/
1356,1356,Tara Winters,https://www.linkedin.com/in/tara-winters-98136a8/
1357,1357,Theresa Brown,https://www.linkedin.com/in/theresabrown/
1358,1358,Julia Kuznetsova,https://www.linkedin.com/in/julia-kuznetsova-718580109/
1359,1359,Cheryl Heather,https://www.linkedin.com/in/cheryl-heather-78b9691/
1360,1360,Mike Smithers,https://www.linkedin.com/in/mike-smithers-775a007/
1361,1361,Benjamin Wellmann,https://www.linkedin.com/in/bwellmann/
1362,1362,Igor Tulchinsky,https://www.linkedin.com/in/igortulchinsky/
1363,1363,Simon Polbennikov,https://www.linkedin.com/in/simon-p-4bab06/
1364,1364,Devendra Singh,https://www.linkedin.com/in/devendrasinghofficial/
1365,1365,Abhijeet kumar,https://www.linkedin.com/in/abhijeetnibm/
1366,1366,Yogesh Kulkarni,https://www.linkedin.com/in/yogeshkulkarni/
1367,1367,Raghav Sharma,https://www.linkedin.com/in/raghav-sharma-373936122/
1368,1368,Priyam Kakati,https://www.linkedin.com/in/priyam-kakati/
1369,1369,Polina Bukovsky,https://www.linkedin.com/in/polina-bukovsky/
1370,1370,Peter Moore,https://www.linkedin.com/in/peterjmoore/
1371,1371,Anton Van Staden,https://www.linkedin.com/in/anton-van-staden-a302596/
1372,1372,Toshita Chettranda,https://www.linkedin.com/in/toshita-chettranda-16571834/
1373,1373,Matt Holliday,https://www.linkedin.com/in/matt-holliday-99398120/
1374,1374,David Carr,https://www.linkedin.com/in/david-carr-12224316/
1375,1375,Shrunkhala Santosh,https://www.linkedin.com/in/shrunkhala-santosh-077895157/
1376,1376,Matthew Halliday,https://www.linkedin.com/in/matthewhalliday1/
1377,1377,Jagdish kumar,https://www.linkedin.com/in/jagdish-kumar-35901120/
1378,1378,Samson Jesudas,https://www.linkedin.com/in/samson-jesudas-02261824/
1379,1379,Sonu Bhugra,https://www.linkedin.com/in/sonubhugra/
1380,1380,"Dr. Jennifer Hauschild, MBA",https://www.linkedin.com/in/dr-jennifer-hauschild-mba-2502b240/
1381,1381,Caio Natividade,https://www.linkedin.com/in/caio-natividade-9a1a0b23/
1382,1382,Bojan Savic,https://www.linkedin.com/in/bojan-savi%C4%87-60720a69/
1383,1383,Meenakshi Shah,https://www.linkedin.com/in/meenakshishah/
1384,1384,"Riyaz Ahmed Shaikh, FRM",https://www.linkedin.com/in/riyaz-ahmed-shaikh-frm-85342520/
1385,1385,Justin Chan,https://www.linkedin.com/in/justin-chan-01440717/
1386,1386,Tony Keene,https://www.linkedin.com/in/tony-keene-79b9a22/
1387,1387,Wendy Spires CIPP/E,https://www.linkedin.com/in/wendyspiresfscommspr/
1388,1388,"Anjan Chowdhury ,FMVA®,CQF",https://www.linkedin.com/in/anjan1903/
1389,1389,Richard Diprose,https://www.linkedin.com/in/richard-diprose-97a3a929/
1390,1390,Camille Anne De Asis,https://www.linkedin.com/in/camille-anne-de-asis-0876abb9/
1391,1391,Carlos Montseny,https://www.linkedin.com/in/carlos-montseny/
1392,1392,Faustine Lim,https://www.linkedin.com/in/limfaustine/
1393,1393,Theophano Mitsa Ph.D.,https://www.linkedin.com/in/theophano-mitsa-ph-d-2a62349/
1394,1394,Allan Barush,https://www.linkedin.com/in/allanbarush/
1395,1395,Faizali Sayyed,https://www.linkedin.com/in/faizali-sayyed-842b5b129/
1396,1396,Valery Sorokin,https://www.linkedin.com/in/valery-sorokin-9b358127/
1397,1397,Prashanth Belugali N,https://www.linkedin.com/in/prashanth-belugali-n-363553a/
1398,1398,"Bhaskar Jha, CQF, FRM",https://www.linkedin.com/in/bhaskar-jha-cqf-frm-430953a/
1399,1399,Moray Souter,https://www.linkedin.com/in/moraysouter/
1400,1400,Anshul Bangia,https://www.linkedin.com/in/anshulbangia/
1401,1401,Vineet Kondawar,https://www.linkedin.com/in/vineetkondawar2911/
1402,1402,"Mandar Bandekar, CQF, FRM",https://www.linkedin.com/in/mandarbandekar/
1403,1403,"Debarpan Sarkar, FRM®",https://www.linkedin.com/in/debarpan-sarkar-frm/
1404,1404,"Jasmeet Gujral, CQF, FRM",https://www.linkedin.com/in/jasmeet-gujral-cqf-frm-9278339/
1405,1405,"Ishwar Chidambaram, MS, CQF, CFA, CAIA, FRM, FMVA",https://www.linkedin.com/in/ishwarcfa/
1406,1406,Karta Ram,https://www.linkedin.com/in/karta-ram-aba46b148/
1407,1407,"Aaron Soh Kee Kun, CQF",https://www.linkedin.com/in/aaronsohkeekun/
1408,1408,"Mahesh A. Chhabria FCA, CFA, FRM, CQF",https://www.linkedin.com/in/mahesh-a-chhabria-fca-cfa-frm-cqf-a4a5ba1a/
1409,1409,Rahul Jindal,https://www.linkedin.com/in/rahuljindal85/
1410,1410,"Deepro Datta, CIPM®",https://www.linkedin.com/in/deepro-datta-cipm%C2%AE-9ab4b340/
1411,1411,Kapil Veluri,https://www.linkedin.com/in/kapilveluri/
1412,1412,Sudipta Kanrar,https://www.linkedin.com/in/sudipta-kanrar-94ab5610/
1413,1413,Prasad Rebbapragada,https://www.linkedin.com/in/prasad-rebbapragada-8217707/
1414,1414,Savina Rizova,https://www.linkedin.com/in/savina-rizova-6299793/
1415,1415,Wolfgang Cauchy,https://www.linkedin.com/in/wolfgang-cauchy/
1416,1416,Puneet Tewani,https://www.linkedin.com/in/puneettewani/
1417,1417,Anoop Kumar Shakya,https://www.linkedin.com/in/anoop-kumar-shakya-abcd/
1418,1418,Amit Mahajan,https://www.linkedin.com/in/amit-mahajan-95442715/
1419,1419,Ken Kemal,https://www.linkedin.com/in/ken-kemal-6690921/
1420,1420,"Milann Didwania, FRM®",https://www.linkedin.com/in/milann-didwania-frm%C2%AE-23319972/
1421,1421,"Jonathan Schachter, Ph.D.",https://www.linkedin.com/in/jonathan-schachter-ph-d/
1422,1422,"Kavita Bhangdia, FRM",https://www.linkedin.com/in/kavita-bhangdia-frm-84ba493/
1423,1423,Jitendra Verma,https://www.linkedin.com/in/jitendra-v-3850489/
1424,1424,Dhruvil Tanna,https://www.linkedin.com/in/dhruviltanna/
1425,1425,Geet Taunk,https://www.linkedin.com/in/geettaunk/
1426,1426,Sumit Nale,https://www.linkedin.com/in/sumit-nale-a8398477/
1427,1427,SAURABH BIDKAR,https://www.linkedin.com/in/saurabh-bidkar-826841143/
1428,1428,Dumisani Buthelezi,https://www.linkedin.com/in/dumisani-buthelezi-887b56b3/
1429,1429,Piyush Nikhade,https://www.linkedin.com/in/piyush-nikhade-7a0a8ab7/
1430,1430,Sneha Bhoyar,https://www.linkedin.com/in/sneha-bhoyar-669a8381/
1431,1431,Aniket Divekar,https://www.linkedin.com/in/aniket-divekar-688278194/
1432,1432,PRIYANKA DUMRE,https://www.linkedin.com/in/priyanka-dumre-041a51166/
1433,1433,Vinesh Thakkar,https://www.linkedin.com/in/vinesh-thakkar-5315325/
1434,1434,Jyotsna Nikumb,https://www.linkedin.com/in/jyotsna-nikumb-9a8a9a1b4/
1435,1435,Ajay Gupta,https://www.linkedin.com/in/ajay-gupta-2a301947/
1436,1436,A.S.N. Prasad,https://www.linkedin.com/in/asnprasad/
1437,1437,Vinoth Balakrishnan,https://www.linkedin.com/in/vinoth-balakrishnan-hr-professional/
1438,1438,Sushant Takkekar ~ RPA UiPath Developer,https://www.linkedin.com/in/sushant-takkekar/
1439,1439,Hemant Patil,https://www.linkedin.com/in/hemant-patil-03406812/
1440,1440,Anuj Gupta,https://www.linkedin.com/in/anujgupta9799/
1441,1441,ROOP KIRAN,https://www.linkedin.com/in/roop-kiran-585490147/
1442,1442,Himanshu Singhvi,https://www.linkedin.com/in/himanshu-singhvi-50155721/
1443,1443,Himani Garg,https://www.linkedin.com/in/himani-garg-167366145/
1444,1444,Ganesh Yadav,https://www.linkedin.com/in/ganesh-yadav-55a42521/
1445,1445,Prateek Garimella,https://www.linkedin.com/in/prateek-garimella-378513112/
1446,1446,Sujeet Katiyar,https://www.linkedin.com/in/sujeetkatiyar/
1447,1447,Rachita Vora,https://www.linkedin.com/in/rachita-vora-72b73b181/
1448,1448,Sahil Shah,https://www.linkedin.com/in/sahilshah3497/
1449,1449,Eldho Uthup,https://www.linkedin.com/in/eldho-uthup-242916133/
1450,1450,Aditya Jadhav,https://www.linkedin.com/in/adityajadhavab/
1451,1451,"Praveen Prakash, CQF,PRM",https://www.linkedin.com/in/praveen-prakash-cqf-prm-1474387/
1452,1452,Neha Kothari,https://www.linkedin.com/in/neha-kothari-388840190/
1453,1453,Manan Vaishnav CAIA®,https://www.linkedin.com/in/manankv/
1454,1454,Thomas Raffinot,https://www.linkedin.com/in/thomas-raffinot-b75734b/
1455,1455,"Lingfei (Jeffrey) Xiao, CFA, FRM",https://www.linkedin.com/in/jeffrey-xiao-ca/
1456,1456,James Marshall,https://www.linkedin.com/in/james-marshall-49902313a/
1457,1457,Marcos Carreira,https://www.linkedin.com/in/marcoscscarreira/
1458,1458,"Abhimanyu Moral, FRM, CQF",https://www.linkedin.com/in/abhimanyu-moral-frm-cqf-03653220/
1459,1459,Stuart Clark,https://www.linkedin.com/in/stuart-clark-b008a6/
1460,1460,Jotinder Singh,https://www.linkedin.com/in/jotinder-singh/
1461,1461,Purnima Tripathi,https://www.linkedin.com/in/purnimatr/
1462,1462,Kashika Gupta,https://www.linkedin.com/in/kashika-gupta-340713171/
1463,1463,Rahul Singh,https://www.linkedin.com/in/rahulsinghml/
1464,1464,Nidhi Tiwari,https://www.linkedin.com/in/nidhii-tiwari/
1465,1465,Manel Harrathi,https://www.linkedin.com/in/manelharrathi/
1466,1466,Payal Nehete,https://www.linkedin.com/in/payal-nehete-49350791/
1467,1467,Ashay P,https://www.linkedin.com/in/ashayapathak/
1468,1468,Ameya Bhogaonkar,https://www.linkedin.com/in/ameya-bhogaonkar-344965b7/
1469,1469,Patil Suryakant,https://www.linkedin.com/in/patil-suryakant-247369125/
1470,1470,Yogesh Sawant,https://www.linkedin.com/in/yogesh-sawant-819872ba/
1471,1471,Gunjan Rai,https://www.linkedin.com/in/gunjan-r-8687b355/
1472,1472,Shashi Kumar,https://www.linkedin.com/in/shashikumarraj/
1473,1473,Vibhav Joshi,https://www.linkedin.com/in/joshivibhav/
1474,1474,Shivani Shinde,https://www.linkedin.com/in/shivani-shinde-118618160/
1475,1475,Pawas Goyal,https://www.linkedin.com/in/cylsys/
1476,1476,Abhineet Kumar,https://www.linkedin.com/in/abhineet-kumar-33810b62/
1477,1477,Bhupendra Singh,https://www.linkedin.com/in/bhupendra-singh-82106115a/
1478,1478,Dinesh Thigale,https://www.linkedin.com/in/dineshthigale/
1479,1479,Nikhil Deshpande,https://www.linkedin.com/in/nikhil-deshpande-157a951b/
1480,1480,Avina A Estrocio,https://www.linkedin.com/in/avinaestrocio/
1481,1481,Mayank Jain,https://www.linkedin.com/in/mayank-jain-19752a3b/
1482,1482,Keshav Rao,https://www.linkedin.com/in/keshav-rao/
1483,1483,Krishna Gautam,https://www.linkedin.com/in/krishna-gautam/
1484,1484,Aboli Mande,https://www.linkedin.com/in/aboli-mande-96aa86a/
1485,1485,Bhaskar Bhai Tripathi,https://www.linkedin.com/in/bhaskarbhaitripathi/
1486,1486,Sidhhaant Das,https://www.linkedin.com/in/sidhhaant-das-000a06a7/
1487,1487,Sandesh Sonar,https://www.linkedin.com/in/sandeshsonar/
1488,1488,Sumiran Khan,https://www.linkedin.com/in/sumiran-khan-4536611b1/
1489,1489,Ravi Shankar Mishra,https://www.linkedin.com/in/ravimishra19/
1490,1490,Vijay Kumar Soni ??,https://www.linkedin.com/in/gvijaysoni/
1491,1491,Sandeep Birdi,https://www.linkedin.com/in/sandeep-birdi-52570a5/
1492,1492,Vinod Bhosale,https://www.linkedin.com/in/vinod-bhosale-tester/
1493,1493,Gitesh Shah,https://www.linkedin.com/in/gitesh-shah-75b4365/
1494,1494,Nishant singh,https://www.linkedin.com/in/nishantsinghbusinessanalyst/
1495,1495,Rashmi Rathore,https://www.linkedin.com/in/rashmi-rathore-07a3401ba/
1496,1496,Kavya Maratha,https://www.linkedin.com/in/kavya-maratha-67731a1b9/
1497,1497,Princy Sugandh,https://www.linkedin.com/in/princy-sugandh-b3470634/
1498,1498,Yolanda White,https://www.linkedin.com/in/yolanda-white-58ab0b1b1/
1499,1499,Smitha Manjunath,https://www.linkedin.com/in/smitha-manjunath-aa94a712/
1500,1500,Simrat. C,https://www.linkedin.com/in/simrat-c-5b09101b5/
1501,1501,Avinash Damle,https://www.linkedin.com/in/avinashdamle/
1502,1502,Aviral Goyal,https://www.linkedin.com/in/aviral-goyal-ab7003107/
1503,1503,Amrita Gupta,https://www.linkedin.com/in/amritagupta2020/
1504,1504,Tejas Chandragiriwar,https://www.linkedin.com/in/tejas-chandragiriwar-278327152/
1505,1505,Kunal Kunal,https://www.linkedin.com/in/kunal-kunal/
1506,1506,Rahul Barod,https://www.linkedin.com/in/rahulbarod046/
1507,1507,Mamta Sharma,https://www.linkedin.com/in/mamta-sharma-29b884128/
1508,1508,Chirag Sharma,https://www.linkedin.com/in/chiragsharma97/
1509,1509,Swastika Mittal,https://www.linkedin.com/in/swastika10/
1510,1510,Bharat Patel,https://www.linkedin.com/in/bharat-patel-2737541/
1511,1511,CA Nitin Sharma,https://www.linkedin.com/in/ca-nitin-sharma-321b571b8/
1512,1512,Nirmal Kumar,https://www.linkedin.com/in/nirmalkumar-professional-coach/
1513,1513,Manuel Zotter,https://www.linkedin.com/in/manuel-z-a86b06171/
1514,1514,Dhanshree Poojari,https://www.linkedin.com/in/dhanshree-poojari/
1515,1515,Ajinkya Ingawale,https://www.linkedin.com/in/ajinkya-ingawale-352400195/
1516,1516,Harald Bina,https://www.linkedin.com/in/harald-bina-96a1864/
1517,1517,Mario Schlener,https://www.linkedin.com/in/mario-schlener-4659964/
1518,1518,"Ashioya Jay, CQF",https://www.linkedin.com/in/ashioya-jay-c-082814176/
1519,1519,Claus Huber,https://www.linkedin.com/in/claus-huber-rodexrisk/
1520,1520,"Priya Juneja, CQF, FRM",https://www.linkedin.com/in/priya-juneja-cqf-frm-6a624616/
1521,1521,Sameer Gupta,https://www.linkedin.com/in/sameer-gupta-0477431a3/
1522,1522,Chandan Gupta,https://www.linkedin.com/in/cg101/
1523,1523,Steve Phelps,https://www.linkedin.com/in/steve-phelps-203270/
1524,1524,Quasar Chunawala,https://www.linkedin.com/in/quasar-chunawala/
1525,1525,"Abhinav Gairola, Ph.D.",https://www.linkedin.com/in/abhinavgairola/
1526,1526,Senthilnathan Anbalagan,https://www.linkedin.com/in/senthilnathan-anbalagan-6549a6a6/
1527,1527,CCW PUNE coworking space,https://www.linkedin.com/in/ccw-pune-coworking-space-5a81941b6/
1528,1528,Arvind Didwania,https://www.linkedin.com/in/arvind-didwania/
1529,1529,"Debarun Sarkar, CQF",https://www.linkedin.com/in/debarun-sarkar-cqf-b4406436/
1530,1530,Anil Gakhare,https://www.linkedin.com/in/anilgakhare/
1531,1531,Shishir Thakur,https://www.linkedin.com/in/thakurshishir/
1532,1532,Ashok R,https://www.linkedin.com/in/ashok-r-b431621b3/
1533,1533,Ankit Kumar,https://www.linkedin.com/in/ankit-kumar-33038326/
1534,1534,"Stefano Spillo, CFA, CQF",https://www.linkedin.com/in/stefano-spillo-cfa-cqf-b432b525/
1535,1535,Om Gadhe,https://www.linkedin.com/in/om-g-639120a4/
1536,1536,Sakett Demapuure,https://www.linkedin.com/in/saketdemapure/
1537,1537,Amarnath Shetty,https://www.linkedin.com/in/amarnath-shetty-5776131/
1538,1538,Mario Hernández,https://www.linkedin.com/in/hernandezmario/
1539,1539,Richard Liu,https://www.linkedin.com/in/richard-liu-27a1841/
1540,1540,Catarina Frank,https://www.linkedin.com/in/catarina-frank-681b56/
1541,1541,Aaron Holbrook,https://www.linkedin.com/in/aaron-holbrook-a41b2312/
1542,1542,Suresh Burde,https://www.linkedin.com/in/suresh-burde-560930/
1543,1543,Shervine Amidi,https://www.linkedin.com/in/shervineamidi/
1544,1544,"Marcos Sécca, CQF, CFA",https://www.linkedin.com/in/marcos-s%C3%A9cca-cqf-cfa-1006005/
1545,1545,Nitin .,https://www.linkedin.com/in/nitinc/
1546,1546,"Stuart Jackaman, CFA, CAIA, FRM",https://www.linkedin.com/in/stuart-jackaman-cfa-caia-frm-50547325/
1547,1547,Siddharth Mohanty,https://www.linkedin.com/in/siddharth-mohanty-5151082/
1548,1548,Chris Rea,https://www.linkedin.com/in/chris-rea-90877275/
1549,1549,Javier Rodriguez-Martin,https://www.linkedin.com/in/javier-rodriguez-martin-0171bb8/
1550,1550,Greg Feibus,https://www.linkedin.com/in/greg-feibus/
1551,1551,Kamran Arab,https://www.linkedin.com/in/kamran-arab-35871a28/
1552,1552,"John Thompson, CQF",https://www.linkedin.com/in/john-thompson-cqf-1485476a/
1553,1553,"Jayesh Kirange, CFA, FRM",https://www.linkedin.com/in/jayesh-kirange-cfa-frm-78627311/
1554,1554,Albaaz Khan,https://www.linkedin.com/in/albaaz-khan-51b544191/
1555,1555,SAURABH PATHAK,https://www.linkedin.com/in/saurabh-pathak-237510188/
1556,1556,Mississippi Consultants LLP,https://www.linkedin.com/in/mississippi-consultants-llp-46461299/
1557,1557,Sidharth R Menon,https://www.linkedin.com/in/sidharthrmenon/
1558,1558,Rajesh Pankajakshan,https://www.linkedin.com/in/rajeshpankajakshan/
1559,1559,raghavandra nannuru,https://www.linkedin.com/in/raghavandra-nannuru-277b6772/
1560,1560,Dr Shilpa Pimple,https://www.linkedin.com/in/shilpasankhe/
1561,1561,Rahul Patil,https://www.linkedin.com/in/rahul-e-patil/
1562,1562,Sairaj Janardhanan,https://www.linkedin.com/in/sairaj-janardhanan-4125b19a/
1563,1563,Nandini Sharma,https://www.linkedin.com/in/nandini-sharma-2aa527190/
1564,1564,Kajal Verma,https://www.linkedin.com/in/kajal-verma-822541166/
1565,1565,Payal Saxena,https://www.linkedin.com/in/payal-saxena-839102173/
1566,1566,"Prasad Mani (PMI-ACP, SAFe, PSM1, SAMC, SPOC)",https://www.linkedin.com/in/prasadmani2015/
1567,1567,Manshi Sinha,https://www.linkedin.com/in/manshi-sinha-b212939/
1568,1568,Annapurna BV,https://www.linkedin.com/in/annapurna-bv-70261949/
1569,1569,Soniya Dulhani,https://www.linkedin.com/in/soniya-dulhani-06442553/
1570,1570,Effy Joyce D'souza,https://www.linkedin.com/in/effy-joyce-d-souza-20508428/
1571,1571,Alex Ivanov,https://www.linkedin.com/in/alex-ivanov-01450b121/
1572,1572,Abraham Soldevilla CQF,https://www.linkedin.com/in/abraham-soldevilla-cqf-bb5a85170/
1573,1573,vijay jaiswal,https://www.linkedin.com/in/vijay-jaiswal-298596175/
1574,1574,Manish Thokare,https://www.linkedin.com/in/manishthokare/
1575,1575,Vineela Reddy K,https://www.linkedin.com/in/vineela-reddy-k-0bb582199/
1576,1576,anup kumar,https://www.linkedin.com/in/anup-kumar-a3147135/
1577,1577,Vikas Chaudhari,https://www.linkedin.com/in/vikas-chaudhari-37576a1a6/
1578,1578,Swapnil Bagad,https://www.linkedin.com/in/swapnil-bagad-9b4bb1127/
1579,1579,"Vishnu Khandare, PRINCE2®(P) ITIL®V4, AWS Foundation, RPA Automation",https://www.linkedin.com/in/vishnu-khandare-prince2%C2%AE-p-itil%C2%AEv4-aws-foundation-rpa-automation-b80a9927/
1580,1580,Tejas Shirgaonkar,https://www.linkedin.com/in/tejas-shirgaonkar-12b04b199/
1581,1581,Tejas Dandamwar,https://www.linkedin.com/in/tejas-dandamwar-277a03b2/
1582,1582,Anju Kuril Nagware,https://www.linkedin.com/in/anju-kuril-nagware-7b662016b/
1583,1583,Bhavana Jain,https://www.linkedin.com/in/bhavana-jain/
1584,1584,Subhasis Satpathy,https://www.linkedin.com/in/subhasissatpathy/
1585,1585,"Bhavesh Kamdar, FRM, CQF",https://www.linkedin.com/in/bhavesh-kamdar-frm-cqf-8ba4178/
1586,1586,Roottuja K.,https://www.linkedin.com/in/roottuja-k-9848871a3/
1587,1587,Pranav Gandhi,https://www.linkedin.com/in/pranav2901/
1588,1588,Prerna Sharma,https://www.linkedin.com/in/prerna-sharma-072379102/
1589,1589,"Claudio Fontana, CQF",https://www.linkedin.com/in/clafon/
1590,1590,Maxim Popikov,https://www.linkedin.com/in/maxim-popikov-b0b102170/
1591,1591,Narendra Bande,https://www.linkedin.com/in/narendra-bande-82953813/
1592,1592,Sajeev P,https://www.linkedin.com/in/sajeevewire/
1593,1593,Vivek Prajapati,https://www.linkedin.com/in/vivekprajapati2048/
1594,1594,Shubham Dusane,https://www.linkedin.com/in/shubhamdusane/
1595,1595,Sougata Basu,https://www.linkedin.com/in/sougatab/
1596,1596,Erik Rado,https://www.linkedin.com/in/erik-rado-0b476a2b/
1597,1597,Sebastien Lleo,https://www.linkedin.com/in/sebastienlleo/
1598,1598,Himanshu Jampala,https://www.linkedin.com/in/himanshu-j-a1156434/
1599,1599,Tomoaki Kaneko,https://www.linkedin.com/in/tomoaki-kaneko-6741025/
1600,1600,Abhijit D,https://www.linkedin.com/in/abhijitdalavi/
1601,1601,Moritz Sohns,https://www.linkedin.com/in/moritzsohns/
1602,1602,Gustavo Cortopassi Laurino,https://www.linkedin.com/in/gustavo-cortopassi-laurino-19196536/
1603,1603,Neil Clive Fowler,https://www.linkedin.com/in/neil-clive-fowler-6163402/
1604,1604,Aarushi Sharma,https://www.linkedin.com/in/aarushi-sharma-711110180/
1605,1605,Girish Lakhotiya,https://www.linkedin.com/in/girishlakhotiya/
1606,1606,Aditi Ghode,https://www.linkedin.com/in/aditi-ghode-58126449/
1607,1607,Mallikarjun Wali,https://www.linkedin.com/in/mallikarjun-wali-9923997/
1608,1608,"Shailendra Sahu, FRM, CQF",https://www.linkedin.com/in/shailendra-sahu-frm-cqf-83640827/
1609,1609,Saurabh Shukla,https://www.linkedin.com/in/saurabh-shukla/
1610,1610,"Shivang Srivastava, CQF",https://www.linkedin.com/in/shivang23/
1611,1611,Stellan Bohlens,https://www.linkedin.com/in/stellan-bohlens-730a9b102/
1612,1612,Sagar Deshmukh,https://www.linkedin.com/in/sagardeshmukh/
1613,1613,Abhirakshit Singh,https://www.linkedin.com/in/abhirakshit-singh/
1614,1614,"Jonathan Merican, CQF",https://www.linkedin.com/in/jonathan-merican-cqf-63872a7a/
1615,1615,Luiz Henrique Maimone Beatrice,https://www.linkedin.com/in/luizbeatrice/
1616,1616,"J. Francisco Salazar, CQF",https://www.linkedin.com/in/j-francisco-salazar-cqf-59871ab/
1617,1617,Johan Fyhn,https://www.linkedin.com/in/johan-fyhn-8766b442/
1618,1618,"R P Naidu Suravarapu FRM, CQF",https://www.linkedin.com/in/r-p-naidu-suravarapu-frm-cqf-99a2a058/
1619,1619,Pier Paolo Ippolito,https://www.linkedin.com/in/pierpaolo28/
1620,1620,Rajiv Kumar Gupta,https://www.linkedin.com/in/rajivkrgupta/
1621,1621,Yuehui Liang,https://www.linkedin.com/in/yuehui-liang-a2a005146/
1622,1622,Peter Ton-That,https://www.linkedin.com/in/peterttt/
1623,1623,"Alessandro Magri, CQF",https://www.linkedin.com/in/alessandro-magri-cqf-521b10a6/
1624,1624,Chirdeep Pareek,https://www.linkedin.com/in/chirdeep-pareek-09a89934/
1625,1625,Saurav Parida,https://www.linkedin.com/in/saurav-parida-6787b038/
1626,1626,Zhiwei Fu,https://www.linkedin.com/in/zhiweifu/
1627,1627,Saeed Al Jaberi,https://www.linkedin.com/in/saeedaljaberi/
1628,1628,zhongyi Jiang,https://www.linkedin.com/in/zhongyi-jiang-2290891b1/
1629,1629,swati agarwal,https://www.linkedin.com/in/swati-agarwal-a3a79414/
1630,1630,"Ashish Parashar, CFA",https://www.linkedin.com/in/ashish-parashar-cfa-350074132/
1631,1631,Sachin Verma,https://www.linkedin.com/in/sachinakverma/
1632,1632,"Matiss Degro, CQF",https://www.linkedin.com/in/mat%C4%ABss-degro-cqf-a1868091/
1633,1633,"Sahil Mahajan, PMP, CQF",https://www.linkedin.com/in/sahil-mahajan-pmp-cqf-068a4018/
1634,1634,???,https://www.linkedin.com/in/%E4%B8%80%E9%8B%92-%E5%8A%89-ba3b7897/
1635,1635,Sam Taiwo,https://www.linkedin.com/in/samtaiwo/
1636,1636,Thao Nguyen Duong Thanh,https://www.linkedin.com/in/thanhthaonguyenduong/
1637,1637,"Can Simon Pervane, PhD, CQF",https://www.linkedin.com/in/csper/
1638,1638,Grace Ikunda,https://www.linkedin.com/in/grace-ikunda-915836b0/
1639,1639,"Juan Pablo Pons, CQF",https://www.linkedin.com/in/juan-pablo-pons/
1640,1640,Christopher Hayes,https://www.linkedin.com/in/christopher-hayes-ba888089/
1641,1641,MADHU SUDHANA RAO VINUKONDA,https://www.linkedin.com/in/madhusrv/
1642,1642,"Juan Pablo Araujo, CQF",https://www.linkedin.com/in/juan-pablo-araujo-cqf-81b06a5/
1643,1643,"Shaobo Li, CFA, FRM, CQF",https://www.linkedin.com/in/michaelshaoboli/
1644,1644,"Gaurav Vaish, FRM, CQF",https://www.linkedin.com/in/gaurav-vaish-frm-cqf-3a95714/
1645,1645,Anna Nicolaewna Grebenchtchikova,https://www.linkedin.com/in/annagrebenchtchikova/
1646,1646,Anqi Fu,https://www.linkedin.com/in/anqi-fu/
1647,1647,"Kamila Zajdel, CQF",https://www.linkedin.com/in/kamila-zajdel-cqf-95381090/
1648,1648,"Almog Olshtein, CQF",https://www.linkedin.com/in/almog-olshtein-cqf-9a7530ba/
1649,1649,Girisa Medh,https://www.linkedin.com/in/girisa-medh-a19b67162/
1650,1650,Mengyu(Kathy) Feng,https://www.linkedin.com/in/mengyu-kathy-feng-6b53a7173/
1651,1651,"Dimitar Kolev, CFA",https://www.linkedin.com/in/dnkkk/
1652,1652,"Harindra (Bobby) Chopra, CQF",https://www.linkedin.com/in/bobby-chopra/
1653,1653,"Victor Martins, CQF",https://www.linkedin.com/in/victor-martins-cqf-baa82114/
1654,1654,"Daniel Pearson, CFA, CA(SA)",https://www.linkedin.com/in/daniel-pearson-cfa-ca-sa-b7b38118/
1655,1655,"Tom Gare, CFA",https://www.linkedin.com/in/tom-gare-cfa-92782242/
1656,1656,Seshagiri Vaddadi,https://www.linkedin.com/in/seshagiri-vaddadi-91003b8/
1657,1657,Venkat Neelakantan,https://www.linkedin.com/in/venkat-neelakantan-7026178/
1658,1658,William Carter,https://www.linkedin.com/in/william-carter-mphys/
1659,1659,Vinay Venkatachala,https://www.linkedin.com/in/vinayvenkatachala/
1660,1660,"Sudharsan Sarathy, CQF, ERP, CFTe",https://www.linkedin.com/in/sarathysudharsan/
1661,1661,"Gaston Anthony Ke, ECE, CQF",https://www.linkedin.com/in/gastonketrader/
1662,1662,Tim Terblanche,https://www.linkedin.com/in/tim-terblanche-16811516b/
1663,1663,"Jonas Preik, CQF",https://www.linkedin.com/in/jonas-preik-cqf-71161b1b1/
1664,1664,Harsh Rohan,https://www.linkedin.com/in/harsh-rohan-140695/
1665,1665,"Varun Srivastava, FRM, CQF",https://www.linkedin.com/in/varun-srivastava-frm-cqf-247a708/
1666,1666,"Tobias Pfautsch, CQF",https://www.linkedin.com/in/tobias-pfautsch-cqf-83025bb0/
1667,1667,Aidan Fourie,https://www.linkedin.com/in/aidan-fourie/
1668,1668,"Aakash Ramchand Dil, CQF",https://www.linkedin.com/in/aakashrdil/
1669,1669,Carlos Queiroz,https://www.linkedin.com/in/caxqueiroz/
1670,1670,Nitin Kapai,https://www.linkedin.com/in/nitin-kapai-87914725/
1671,1671,"Devin Kandage, CFA, CQF",https://www.linkedin.com/in/devin-kandage/
1672,1672,Farai Fredric Mlambo (Ph.D),https://www.linkedin.com/in/farai-fredric-mlambo-ph-d-19608171/
1673,1673,Diksha Waghulde,https://www.linkedin.com/in/diksha-narkhede/
1674,1674,Shubham pandey,https://www.linkedin.com/in/shubham-pandey-a6a204190/
1675,1675,Manu Radhakrishnan,https://www.linkedin.com/in/manchoc/
1676,1676,Chandan Das,https://www.linkedin.com/in/chandan0711/
1677,1677,Wenjing Gong,https://www.linkedin.com/in/wenjinggong/
1678,1678,"Syed ""Tabrez"", CQF",https://www.linkedin.com/in/tabrez7/
1679,1679,"Pranay Gudipati, CQF",https://www.linkedin.com/in/pranaygudipati/
1680,1680,Nandanan Erathodiyil,https://www.linkedin.com/in/nandanan-erathodiyil-8a88b21a3/
1681,1681,Krunal Atole,https://www.linkedin.com/in/krunalvatole/
1682,1682,James Collins,https://www.linkedin.com/in/james-collins-8922767/
1683,1683,"Vikram Kumar, FRM, CQF",https://www.linkedin.com/in/vikram-kumar-frm-cqf-9612b614/
1684,1684,"SOUMYA RANJAN MISHRA, CQF, FRM , CIPM",https://www.linkedin.com/in/soumya-ranjan-mishra-cqf-frm-cipm-2577604a/
1685,1685,Sagar B,https://www.linkedin.com/in/sagar-b-6029b910/
1686,1686,Hugo Xavier,https://www.linkedin.com/in/hugo-xavier-08421079/
1687,1687,Ning Xiao,https://www.linkedin.com/in/ning-xiao-bb72a526/
1688,1688,Franklin Zhang,https://www.linkedin.com/in/franklinybz/
1689,1689,"Arijit Das, CQF",https://www.linkedin.com/in/orijitdas/
1690,1690,Elias Altrabsheh,https://www.linkedin.com/in/elias-altrabsheh-88857187/
1691,1691,"Sudhanshu Kanwar, CFA",https://www.linkedin.com/in/sudhanshu-kanwar-cfa-23491726/
1692,1692,"Kenton Mobey, CQF",https://www.linkedin.com/in/kenton-mobey-cqf-049274104/
1693,1693,CA Rajat Agrawal,https://www.linkedin.com/in/ca-rajat-agrawal-0242464/
1694,1694,"Anton Nartov, CQF",https://www.linkedin.com/in/anton-nartov-cqf/
1695,1695,Vimal Daga,https://www.linkedin.com/in/vimaldaga/
1696,1696,Blanka Horvath,https://www.linkedin.com/in/blanka-horvath-56482873/
1697,1697,Santosh Metla,https://www.linkedin.com/in/metlasantosh/
1698,1698,Vishwanath Kamath,https://www.linkedin.com/in/vgk89i/
1699,1699,Alessandro Gnoatto,https://www.linkedin.com/in/alessandro-gnoatto-b184143b/
1700,1700,Rajavi Kane,https://www.linkedin.com/in/rajavi-kane-1066101a3/
1701,1701,Pawan Kumar Pandey,https://www.linkedin.com/in/pandeypawan21/
1702,1702,Nikola Basta,https://www.linkedin.com/in/nick-basta/
1703,1703,KRISHNA PAL,https://www.linkedin.com/in/krishna-pal-2669a2135/
1704,1704,RAHUL PADWAL,https://www.linkedin.com/in/rahul-padwal-2145ba198/
1705,1705,Mayank Pandey,https://www.linkedin.com/in/mayank-pandey-a36230180/
1706,1706,Satish Kondapareddy,https://www.linkedin.com/in/satish-kondapareddy-82824318/
1707,1707,Jayant Sood,https://www.linkedin.com/in/jayant-sood-87182713/
1708,1708,Tejaswy Denduluri,https://www.linkedin.com/in/tejaswy-denduluri-72b0a09b/
1709,1709,Pankaj Panday,https://www.linkedin.com/in/pankaj-panday-0602b218/
1710,1710,Deepak khandelwal,https://www.linkedin.com/in/deepak-khandelwal-798419148/
1711,1711,Rushikesh Raskar,https://www.linkedin.com/in/rushikesh-raskar-039278146/
1712,1712,Virag Jain,https://www.linkedin.com/in/virag-jain-5426923/
1713,1713,Kunjan Sheth,https://www.linkedin.com/in/kunjan-sheth-/
1714,1714,Yash Mohite,https://www.linkedin.com/in/yash-mohite-549308171/
1715,1715,Shashwat Pandey,https://www.linkedin.com/in/shashwat-p-4a4050115/
1716,1716,Santosh Kumar N,https://www.linkedin.com/in/santosh-kumar-n-60663b82/
1717,1717,Ashwin Mishra,https://www.linkedin.com/in/ashwin-mishra-681477101/
1718,1718,Vladimir Manaev,https://www.linkedin.com/in/vladimir-manaev-0025405/
1719,1719,Anupam K Mitra,https://www.linkedin.com/in/anupammitra1/
1720,1720,"Shreyash Nadage, CQF,FRM®",https://www.linkedin.com/in/shreyashnadage/
1721,1721,Rahil Patel,https://www.linkedin.com/in/rahil-p-20b99b4/
1722,1722,Dwarkadhish Deshpande,https://www.linkedin.com/in/dwarkadhish-deshpande-1467a71ab/
1723,1723,"Lincoln Baca III, MBA",https://www.linkedin.com/in/lincolnbacaiii/
1724,1724,Kunal Surwade,https://www.linkedin.com/in/kunal-surwade-0b4bb3b6/
1725,1725,Ramesh Joshi,https://www.linkedin.com/in/rbjoshi86/
1726,1726,Adithya Rajeev,https://www.linkedin.com/in/adithya-rajeev-374b5817b/
1727,1727,Ashish Patel,https://www.linkedin.com/in/ashish-patel-06b09515b/
1728,1728,Kalyani Mitragotri,https://www.linkedin.com/in/kalyani-mitragotri-websahab/
1729,1729,Kuber Shah,https://www.linkedin.com/in/kuber-shah-b7a4391a1/
1730,1730,Hrushikesh R. Gadgil,https://www.linkedin.com/in/hrushikesh-r-gadgil-b50b21169/
1731,1731,Nilesh kumar,https://www.linkedin.com/in/nileshit/
1732,1732,Dhairya Rohatgi,https://www.linkedin.com/in/dhairya-rohatgi-889ba886/
1733,1733,Sachin Salunkhe,https://www.linkedin.com/in/sachinsalunkhe/
1734,1734,N Mane,https://www.linkedin.com/in/n-mane-65625441/
1735,1735,Gaurav Lankepallewar,https://www.linkedin.com/in/gaurav-l-4a233629/
1736,1736,Sadarul ula Mohammod,https://www.linkedin.com/in/sadarul-ula-mohammod-a03562a4/
1737,1737,Shashikant Harale,https://www.linkedin.com/in/shashikant-harale-35b78833/
1738,1738,Ramesh Narayan,https://www.linkedin.com/in/ramesh-narayan-1751123b/
1739,1739,Nikhil Yande,https://www.linkedin.com/in/nikhil-yande-711b2252/
1740,1740,Dj Videek Rao,https://www.linkedin.com/in/dj-videek-rao-7017a04b/
1741,1741,Wilson Pinto,https://www.linkedin.com/in/wilson-pinto-9252796b/
1742,1742,Nilesh Shinde,https://www.linkedin.com/in/nilesh-shinde-1414531a8/
1743,1743,Mahesh Kumar Rathore,https://www.linkedin.com/in/mahesh-kumar-rathore-722a6635/
1744,1744,Priyatam Bhalerao,https://www.linkedin.com/in/priyatam-bhalerao-b26277164/
1745,1745,Manpreet Kaur,https://www.linkedin.com/in/manpreet-kaur-829255b0/
1746,1746,Laxmi Singh,https://www.linkedin.com/in/laxmi-singh-1120871a/
1747,1747,Ashok Khedkar,https://www.linkedin.com/in/ashok-khedkar-9aa62612/
1748,1748,ajit kathwate,https://www.linkedin.com/in/ajit-k-07232a16/
1749,1749,Vivek Gohel,https://www.linkedin.com/in/vivek-gohel/
1750,1750,Anchal Sharma,https://www.linkedin.com/in/anchal-sharma-b592b98b/
1751,1751,Aishwarya D,https://www.linkedin.com/in/aishwarya-d-646383186/
1752,1752,Loli Pushpak,https://www.linkedin.com/in/loli-p-202675196/
1753,1753,Bhagvat patil,https://www.linkedin.com/in/bhagvat-patil-754aba9/
1754,1754,Ahemad Baba,https://www.linkedin.com/in/ahemadbaba/
1755,1755,Monica RAJ,https://www.linkedin.com/in/monica-raj-501323122/
1756,1756,Yogesh P Chinchole,https://www.linkedin.com/in/yogeshpchinchole/
1757,1757,Akhilesh Pandey,https://www.linkedin.com/in/akhilesh-pandey-a49540186/
1758,1758,Mahadev Patil,https://www.linkedin.com/in/mahadev-patil-1a77566a/
1759,1759,Koina Tayal,https://www.linkedin.com/in/koina-t-970250194/
1760,1760,Avichal Jain,https://www.linkedin.com/in/avichal-jain-6bbbb9100/
1761,1761,Keshav Magar,https://www.linkedin.com/in/keshav-magar/
1762,1762,Mahesh Haridas,https://www.linkedin.com/in/mahesh-haridas-82b56885/
1763,1763,Chirag Mankodi ?????,https://www.linkedin.com/in/chirag-mankodi-%E2%AD%90%E2%AD%90%E2%AD%90%E2%AD%90%E2%AD%90-bab6bb16/
1764,1764,Priyadharshini J,https://www.linkedin.com/in/priyadharshini-j-b156875/
1765,1765,Amit Kulkarni,https://www.linkedin.com/in/amit-kulkarni-a13928140/
1766,1766,Yash Lala,https://www.linkedin.com/in/yash-lala/
1767,1767,Santosh Hinge,https://www.linkedin.com/in/santosh-hinge-pune/
1768,1768,Hrishikesh Wattamwar,https://www.linkedin.com/in/hrishikesh-wattamwar-b384459/
1769,1769,Vinod Kumar,https://www.linkedin.com/in/vinod-k-b1040080/
1770,1770,Manish Vijay Vibhandik(Sonar),https://www.linkedin.com/in/manish-vibhandik/
1771,1771,Hussain Hussaini,https://www.linkedin.com/in/shh1384/
1772,1772,Swapnil Jagdale,https://www.linkedin.com/in/swapniljagdale919/
1773,1773,SIDDHARTH SHANKAR,https://www.linkedin.com/in/siddharth-shankar-bb68bb22/
1774,1774,Deepa Ganesh,https://www.linkedin.com/in/deepaganeshm/
1775,1775,Seema Yadav,https://www.linkedin.com/in/seema-yadav-168526133/
1776,1776,Aishwarya Ratnaparkhi,https://www.linkedin.com/in/aishwarya-ratnaparkhi-a43994130/
1777,1777,Janet Robinson,https://www.linkedin.com/in/janet-robinson-26424314/
1778,1778,Ashwin Raghuraman,https://www.linkedin.com/in/ashwin-raghuraman/
1779,1779,Jayesh B,https://www.linkedin.com/in/jayesh-b-workprofile/
1780,1780,Meet Sharma,https://www.linkedin.com/in/meetsharma/
1781,1781,Shikha Yadav,https://www.linkedin.com/in/shikha-yadav-58b85619b/
1782,1782,Yogesh Ghodake,https://www.linkedin.com/in/yogesh-ghodake-530719175/
1783,1783,Chakravarthy Maddala,https://www.linkedin.com/in/chakravarthy-maddala-7042717/
1784,1784,Celia Yadav,https://www.linkedin.com/in/celia-y-3b5451134/
1785,1785,Wenhui Bai,https://www.linkedin.com/in/wenhui-bai/
1786,1786,Gurvinder Kumar,https://www.linkedin.com/in/gurvinder-kumar-33bb1a1b/
1787,1787,Lakshminarayanan K,https://www.linkedin.com/in/lakshminarayanan-k-8b971711/
1788,1788,Muzammil Ali,https://www.linkedin.com/in/muzammil-ali-266262a2/
1789,1789,Nicolette Mychajluk,https://www.linkedin.com/in/nicolettemychajluk/
1790,1790,Aditi Athalye,https://www.linkedin.com/in/aditi-athalye-123aa023/
1791,1791,Ashwini Singh,https://www.linkedin.com/in/ashwini-singh-2a94b7167/
1792,1792,Monika Nawani,https://www.linkedin.com/in/monika-nawani-871b9b31/
1793,1793,Varun Arora,https://www.linkedin.com/in/varunarora897/
1794,1794,??Surabhi Subramanian,https://www.linkedin.com/in/businessfounder/
1795,1795,Ankit Mittal,https://www.linkedin.com/in/ankit-mittal-b446ab153/
1796,1796,Sarthak Sonkar,https://www.linkedin.com/in/sarthak-sonkar-171429197/
1797,1797,Usha Krishnamurthy,https://www.linkedin.com/in/usha-krishnamurthy-2355bb36/
1798,1798,Mustafa Tuskeen,https://www.linkedin.com/in/mtuskeen/
1799,1799,Ashok Neharkar,https://www.linkedin.com/in/ashok-neharkar-b87662150/
